"country","countrycode","year","bvx_crisis"
"Australia","AUS",1870,0
"Australia","AUS",1871,0
"Australia","AUS",1872,0
"Australia","AUS",1873,0
"Australia","AUS",1874,0
"Australia","AUS",1875,0
"Australia","AUS",1876,0
"Australia","AUS",1877,0
"Australia","AUS",1878,0
"Australia","AUS",1879,0
"Australia","AUS",1880,0
"Australia","AUS",1881,0
"Australia","AUS",1882,0
"Australia","AUS",1883,0
"Australia","AUS",1884,0
"Australia","AUS",1885,0
"Australia","AUS",1886,0
"Australia","AUS",1887,0
"Australia","AUS",1888,0
"Australia","AUS",1889,0
"Australia","AUS",1890,0
"Australia","AUS",1891,0
"Australia","AUS",1892,0
"Australia","AUS",1893,1
"Australia","AUS",1894,0
"Australia","AUS",1895,0
"Australia","AUS",1896,0
"Australia","AUS",1897,0
"Australia","AUS",1898,0
"Australia","AUS",1899,0
"Australia","AUS",1900,0
"Australia","AUS",1901,0
"Australia","AUS",1902,0
"Australia","AUS",1903,0
"Australia","AUS",1904,0
"Australia","AUS",1905,0
"Australia","AUS",1906,0
"Australia","AUS",1907,0
"Australia","AUS",1908,0
"Australia","AUS",1909,0
"Australia","AUS",1910,0
"Australia","AUS",1911,0
"Australia","AUS",1912,0
"Australia","AUS",1913,0
"Australia","AUS",1914,0
"Australia","AUS",1915,0
"Australia","AUS",1916,0
"Australia","AUS",1917,0
"Australia","AUS",1918,0
"Australia","AUS",1919,0
"Australia","AUS",1920,0
"Australia","AUS",1921,0
"Australia","AUS",1922,0
"Australia","AUS",1923,0
"Australia","AUS",1924,0
"Australia","AUS",1925,0
"Australia","AUS",1926,0
"Australia","AUS",1927,0
"Australia","AUS",1928,0
"Australia","AUS",1929,0
"Australia","AUS",1930,0
"Australia","AUS",1931,1
"Australia","AUS",1932,0
"Australia","AUS",1933,0
"Australia","AUS",1934,0
"Australia","AUS",1935,0
"Australia","AUS",1936,0
"Australia","AUS",1937,0
"Australia","AUS",1938,0
"Australia","AUS",1939,0
"Australia","AUS",1940,0
"Australia","AUS",1941,0
"Australia","AUS",1942,0
"Australia","AUS",1943,0
"Australia","AUS",1944,0
"Australia","AUS",1945,0
"Australia","AUS",1946,0
"Australia","AUS",1947,0
"Australia","AUS",1948,0
"Australia","AUS",1949,0
"Australia","AUS",1950,0
"Australia","AUS",1951,0
"Australia","AUS",1952,0
"Australia","AUS",1953,0
"Australia","AUS",1954,0
"Australia","AUS",1955,0
"Australia","AUS",1956,0
"Australia","AUS",1957,0
"Australia","AUS",1958,0
"Australia","AUS",1959,0
"Australia","AUS",1960,0
"Australia","AUS",1961,0
"Australia","AUS",1962,0
"Australia","AUS",1963,0
"Australia","AUS",1964,0
"Australia","AUS",1965,0
"Australia","AUS",1966,0
"Australia","AUS",1967,0
"Australia","AUS",1968,0
"Australia","AUS",1969,0
"Australia","AUS",1970,0
"Australia","AUS",1971,0
"Australia","AUS",1972,0
"Australia","AUS",1973,0
"Australia","AUS",1974,0
"Australia","AUS",1975,0
"Australia","AUS",1976,0
"Australia","AUS",1977,0
"Australia","AUS",1978,0
"Australia","AUS",1979,0
"Australia","AUS",1980,0
"Australia","AUS",1981,0
"Australia","AUS",1982,0
"Australia","AUS",1983,0
"Australia","AUS",1984,0
"Australia","AUS",1985,0
"Australia","AUS",1986,0
"Australia","AUS",1987,0
"Australia","AUS",1988,0
"Australia","AUS",1989,1
"Australia","AUS",1990,0
"Australia","AUS",1991,0
"Australia","AUS",1992,0
"Australia","AUS",1993,0
"Australia","AUS",1994,0
"Australia","AUS",1995,0
"Australia","AUS",1996,0
"Australia","AUS",1997,0
"Australia","AUS",1998,0
"Australia","AUS",1999,0
"Australia","AUS",2000,0
"Australia","AUS",2001,0
"Australia","AUS",2002,0
"Australia","AUS",2003,0
"Australia","AUS",2004,0
"Australia","AUS",2005,0
"Australia","AUS",2006,0
"Australia","AUS",2007,0
"Australia","AUS",2008,0
"Australia","AUS",2009,0
"Australia","AUS",2010,0
"Australia","AUS",2011,0
"Australia","AUS",2012,0
"Australia","AUS",2013,0
"Australia","AUS",2014,0
"Australia","AUS",2015,0
"Australia","AUS",2016,0
"Australia","AUS",2017,0
"Australia","AUS",2018,0
"Australia","AUS",2019,0
"Australia","AUS",2020,0
"Belgium","BEL",1870,1
"Belgium","BEL",1871,0
"Belgium","BEL",1872,0
"Belgium","BEL",1873,0
"Belgium","BEL",1874,0
"Belgium","BEL",1875,0
"Belgium","BEL",1876,1
"Belgium","BEL",1877,0
"Belgium","BEL",1878,0
"Belgium","BEL",1879,0
"Belgium","BEL",1880,0
"Belgium","BEL",1881,0
"Belgium","BEL",1882,0
"Belgium","BEL",1883,1
"Belgium","BEL",1884,0
"Belgium","BEL",1885,0
"Belgium","BEL",1886,0
"Belgium","BEL",1887,0
"Belgium","BEL",1888,0
"Belgium","BEL",1889,0
"Belgium","BEL",1890,0
"Belgium","BEL",1891,0
"Belgium","BEL",1892,0
"Belgium","BEL",1893,0
"Belgium","BEL",1894,0
"Belgium","BEL",1895,0
"Belgium","BEL",1896,0
"Belgium","BEL",1897,0
"Belgium","BEL",1898,0
"Belgium","BEL",1899,0
"Belgium","BEL",1900,0
"Belgium","BEL",1901,0
"Belgium","BEL",1902,0
"Belgium","BEL",1903,0
"Belgium","BEL",1904,0
"Belgium","BEL",1905,0
"Belgium","BEL",1906,0
"Belgium","BEL",1907,0
"Belgium","BEL",1908,0
"Belgium","BEL",1909,0
"Belgium","BEL",1910,0
"Belgium","BEL",1911,0
"Belgium","BEL",1912,0
"Belgium","BEL",1913,0
"Belgium","BEL",1914,1
"Belgium","BEL",1915,0
"Belgium","BEL",1916,0
"Belgium","BEL",1917,0
"Belgium","BEL",1918,0
"Belgium","BEL",1919,0
"Belgium","BEL",1920,0
"Belgium","BEL",1921,0
"Belgium","BEL",1922,0
"Belgium","BEL",1923,0
"Belgium","BEL",1924,0
"Belgium","BEL",1925,0
"Belgium","BEL",1926,0
"Belgium","BEL",1927,0
"Belgium","BEL",1928,0
"Belgium","BEL",1929,1
"Belgium","BEL",1930,0
"Belgium","BEL",1931,0
"Belgium","BEL",1932,0
"Belgium","BEL",1933,0
"Belgium","BEL",1934,0
"Belgium","BEL",1935,0
"Belgium","BEL",1936,0
"Belgium","BEL",1937,0
"Belgium","BEL",1938,0
"Belgium","BEL",1939,1
"Belgium","BEL",1940,0
"Belgium","BEL",1941,0
"Belgium","BEL",1942,0
"Belgium","BEL",1943,0
"Belgium","BEL",1944,0
"Belgium","BEL",1945,0
"Belgium","BEL",1946,0
"Belgium","BEL",1947,0
"Belgium","BEL",1948,0
"Belgium","BEL",1949,0
"Belgium","BEL",1950,0
"Belgium","BEL",1951,0
"Belgium","BEL",1952,0
"Belgium","BEL",1953,0
"Belgium","BEL",1954,0
"Belgium","BEL",1955,0
"Belgium","BEL",1956,0
"Belgium","BEL",1957,0
"Belgium","BEL",1958,0
"Belgium","BEL",1959,0
"Belgium","BEL",1960,0
"Belgium","BEL",1961,0
"Belgium","BEL",1962,0
"Belgium","BEL",1963,0
"Belgium","BEL",1964,0
"Belgium","BEL",1965,0
"Belgium","BEL",1966,0
"Belgium","BEL",1967,0
"Belgium","BEL",1968,0
"Belgium","BEL",1969,0
"Belgium","BEL",1970,0
"Belgium","BEL",1971,0
"Belgium","BEL",1972,0
"Belgium","BEL",1973,0
"Belgium","BEL",1974,0
"Belgium","BEL",1975,0
"Belgium","BEL",1976,0
"Belgium","BEL",1977,0
"Belgium","BEL",1978,0
"Belgium","BEL",1979,0
"Belgium","BEL",1980,0
"Belgium","BEL",1981,0
"Belgium","BEL",1982,0
"Belgium","BEL",1983,0
"Belgium","BEL",1984,0
"Belgium","BEL",1985,0
"Belgium","BEL",1986,0
"Belgium","BEL",1987,0
"Belgium","BEL",1988,0
"Belgium","BEL",1989,0
"Belgium","BEL",1990,0
"Belgium","BEL",1991,0
"Belgium","BEL",1992,0
"Belgium","BEL",1993,0
"Belgium","BEL",1994,0
"Belgium","BEL",1995,0
"Belgium","BEL",1996,0
"Belgium","BEL",1997,0
"Belgium","BEL",1998,0
"Belgium","BEL",1999,0
"Belgium","BEL",2000,0
"Belgium","BEL",2001,0
"Belgium","BEL",2002,0
"Belgium","BEL",2003,0
"Belgium","BEL",2004,0
"Belgium","BEL",2005,0
"Belgium","BEL",2006,0
"Belgium","BEL",2007,0
"Belgium","BEL",2008,1
"Belgium","BEL",2009,0
"Belgium","BEL",2010,0
"Belgium","BEL",2011,1
"Belgium","BEL",2012,0
"Belgium","BEL",2013,0
"Belgium","BEL",2014,0
"Belgium","BEL",2015,0
"Belgium","BEL",2016,0
"Belgium","BEL",2017,0
"Belgium","BEL",2018,0
"Belgium","BEL",2019,0
"Belgium","BEL",2020,0
"Canada","CAN",1870,0
"Canada","CAN",1871,0
"Canada","CAN",1872,0
"Canada","CAN",1873,1
"Canada","CAN",1874,0
"Canada","CAN",1875,0
"Canada","CAN",1876,0
"Canada","CAN",1877,0
"Canada","CAN",1878,0
"Canada","CAN",1879,0
"Canada","CAN",1880,0
"Canada","CAN",1881,0
"Canada","CAN",1882,0
"Canada","CAN",1883,0
"Canada","CAN",1884,0
"Canada","CAN",1885,0
"Canada","CAN",1886,0
"Canada","CAN",1887,0
"Canada","CAN",1888,0
"Canada","CAN",1889,0
"Canada","CAN",1890,0
"Canada","CAN",1891,0
"Canada","CAN",1892,0
"Canada","CAN",1893,0
"Canada","CAN",1894,0
"Canada","CAN",1895,0
"Canada","CAN",1896,0
"Canada","CAN",1897,0
"Canada","CAN",1898,0
"Canada","CAN",1899,0
"Canada","CAN",1900,0
"Canada","CAN",1901,0
"Canada","CAN",1902,0
"Canada","CAN",1903,0
"Canada","CAN",1904,0
"Canada","CAN",1905,0
"Canada","CAN",1906,0
"Canada","CAN",1907,0
"Canada","CAN",1908,0
"Canada","CAN",1909,0
"Canada","CAN",1910,0
"Canada","CAN",1911,0
"Canada","CAN",1912,0
"Canada","CAN",1913,0
"Canada","CAN",1914,0
"Canada","CAN",1915,0
"Canada","CAN",1916,0
"Canada","CAN",1917,0
"Canada","CAN",1918,0
"Canada","CAN",1919,0
"Canada","CAN",1920,1
"Canada","CAN",1921,0
"Canada","CAN",1922,0
"Canada","CAN",1923,0
"Canada","CAN",1924,0
"Canada","CAN",1925,0
"Canada","CAN",1926,0
"Canada","CAN",1927,0
"Canada","CAN",1928,0
"Canada","CAN",1929,0
"Canada","CAN",1930,0
"Canada","CAN",1931,0
"Canada","CAN",1932,0
"Canada","CAN",1933,0
"Canada","CAN",1934,0
"Canada","CAN",1935,0
"Canada","CAN",1936,0
"Canada","CAN",1937,0
"Canada","CAN",1938,0
"Canada","CAN",1939,0
"Canada","CAN",1940,0
"Canada","CAN",1941,0
"Canada","CAN",1942,0
"Canada","CAN",1943,0
"Canada","CAN",1944,0
"Canada","CAN",1945,0
"Canada","CAN",1946,0
"Canada","CAN",1947,0
"Canada","CAN",1948,0
"Canada","CAN",1949,0
"Canada","CAN",1950,0
"Canada","CAN",1951,0
"Canada","CAN",1952,0
"Canada","CAN",1953,0
"Canada","CAN",1954,0
"Canada","CAN",1955,0
"Canada","CAN",1956,0
"Canada","CAN",1957,0
"Canada","CAN",1958,0
"Canada","CAN",1959,0
"Canada","CAN",1960,0
"Canada","CAN",1961,0
"Canada","CAN",1962,0
"Canada","CAN",1963,0
"Canada","CAN",1964,0
"Canada","CAN",1965,0
"Canada","CAN",1966,0
"Canada","CAN",1967,0
"Canada","CAN",1968,0
"Canada","CAN",1969,0
"Canada","CAN",1970,0
"Canada","CAN",1971,0
"Canada","CAN",1972,0
"Canada","CAN",1973,0
"Canada","CAN",1974,0
"Canada","CAN",1975,0
"Canada","CAN",1976,0
"Canada","CAN",1977,0
"Canada","CAN",1978,0
"Canada","CAN",1979,0
"Canada","CAN",1980,0
"Canada","CAN",1981,0
"Canada","CAN",1982,1
"Canada","CAN",1983,0
"Canada","CAN",1984,0
"Canada","CAN",1985,0
"Canada","CAN",1986,0
"Canada","CAN",1987,0
"Canada","CAN",1988,0
"Canada","CAN",1989,0
"Canada","CAN",1990,0
"Canada","CAN",1991,0
"Canada","CAN",1992,0
"Canada","CAN",1993,0
"Canada","CAN",1994,0
"Canada","CAN",1995,0
"Canada","CAN",1996,0
"Canada","CAN",1997,0
"Canada","CAN",1998,0
"Canada","CAN",1999,0
"Canada","CAN",2000,0
"Canada","CAN",2001,0
"Canada","CAN",2002,0
"Canada","CAN",2003,0
"Canada","CAN",2004,0
"Canada","CAN",2005,0
"Canada","CAN",2006,0
"Canada","CAN",2007,0
"Canada","CAN",2008,0
"Canada","CAN",2009,0
"Canada","CAN",2010,0
"Canada","CAN",2011,0
"Canada","CAN",2012,0
"Canada","CAN",2013,0
"Canada","CAN",2014,0
"Canada","CAN",2015,0
"Canada","CAN",2016,0
"Canada","CAN",2017,0
"Canada","CAN",2018,0
"Canada","CAN",2019,0
"Canada","CAN",2020,0
"Switzerland","CHE",1870,1
"Switzerland","CHE",1871,0
"Switzerland","CHE",1872,0
"Switzerland","CHE",1873,0
"Switzerland","CHE",1874,0
"Switzerland","CHE",1875,0
"Switzerland","CHE",1876,0
"Switzerland","CHE",1877,0
"Switzerland","CHE",1878,0
"Switzerland","CHE",1879,0
"Switzerland","CHE",1880,0
"Switzerland","CHE",1881,0
"Switzerland","CHE",1882,0
"Switzerland","CHE",1883,0
"Switzerland","CHE",1884,0
"Switzerland","CHE",1885,0
"Switzerland","CHE",1886,0
"Switzerland","CHE",1887,0
"Switzerland","CHE",1888,0
"Switzerland","CHE",1889,0
"Switzerland","CHE",1890,0
"Switzerland","CHE",1891,0
"Switzerland","CHE",1892,0
"Switzerland","CHE",1893,0
"Switzerland","CHE",1894,0
"Switzerland","CHE",1895,0
"Switzerland","CHE",1896,0
"Switzerland","CHE",1897,0
"Switzerland","CHE",1898,0
"Switzerland","CHE",1899,0
"Switzerland","CHE",1900,0
"Switzerland","CHE",1901,0
"Switzerland","CHE",1902,0
"Switzerland","CHE",1903,0
"Switzerland","CHE",1904,0
"Switzerland","CHE",1905,0
"Switzerland","CHE",1906,0
"Switzerland","CHE",1907,0
"Switzerland","CHE",1908,0
"Switzerland","CHE",1909,0
"Switzerland","CHE",1910,0
"Switzerland","CHE",1911,0
"Switzerland","CHE",1912,0
"Switzerland","CHE",1913,0
"Switzerland","CHE",1914,1
"Switzerland","CHE",1915,0
"Switzerland","CHE",1916,0
"Switzerland","CHE",1917,0
"Switzerland","CHE",1918,0
"Switzerland","CHE",1919,1
"Switzerland","CHE",1920,0
"Switzerland","CHE",1921,0
"Switzerland","CHE",1922,0
"Switzerland","CHE",1923,0
"Switzerland","CHE",1924,0
"Switzerland","CHE",1925,0
"Switzerland","CHE",1926,0
"Switzerland","CHE",1927,0
"Switzerland","CHE",1928,0
"Switzerland","CHE",1929,0
"Switzerland","CHE",1930,0
"Switzerland","CHE",1931,1
"Switzerland","CHE",1932,0
"Switzerland","CHE",1933,0
"Switzerland","CHE",1934,0
"Switzerland","CHE",1935,0
"Switzerland","CHE",1936,0
"Switzerland","CHE",1937,0
"Switzerland","CHE",1938,0
"Switzerland","CHE",1939,0
"Switzerland","CHE",1940,0
"Switzerland","CHE",1941,0
"Switzerland","CHE",1942,0
"Switzerland","CHE",1943,0
"Switzerland","CHE",1944,0
"Switzerland","CHE",1945,0
"Switzerland","CHE",1946,0
"Switzerland","CHE",1947,0
"Switzerland","CHE",1948,0
"Switzerland","CHE",1949,0
"Switzerland","CHE",1950,0
"Switzerland","CHE",1951,0
"Switzerland","CHE",1952,0
"Switzerland","CHE",1953,0
"Switzerland","CHE",1954,0
"Switzerland","CHE",1955,0
"Switzerland","CHE",1956,0
"Switzerland","CHE",1957,0
"Switzerland","CHE",1958,0
"Switzerland","CHE",1959,0
"Switzerland","CHE",1960,0
"Switzerland","CHE",1961,0
"Switzerland","CHE",1962,0
"Switzerland","CHE",1963,0
"Switzerland","CHE",1964,0
"Switzerland","CHE",1965,0
"Switzerland","CHE",1966,0
"Switzerland","CHE",1967,0
"Switzerland","CHE",1968,0
"Switzerland","CHE",1969,0
"Switzerland","CHE",1970,0
"Switzerland","CHE",1971,0
"Switzerland","CHE",1972,0
"Switzerland","CHE",1973,0
"Switzerland","CHE",1974,0
"Switzerland","CHE",1975,0
"Switzerland","CHE",1976,0
"Switzerland","CHE",1977,0
"Switzerland","CHE",1978,0
"Switzerland","CHE",1979,0
"Switzerland","CHE",1980,0
"Switzerland","CHE",1981,0
"Switzerland","CHE",1982,0
"Switzerland","CHE",1983,0
"Switzerland","CHE",1984,0
"Switzerland","CHE",1985,0
"Switzerland","CHE",1986,0
"Switzerland","CHE",1987,0
"Switzerland","CHE",1988,0
"Switzerland","CHE",1989,0
"Switzerland","CHE",1990,1
"Switzerland","CHE",1991,0
"Switzerland","CHE",1992,0
"Switzerland","CHE",1993,0
"Switzerland","CHE",1994,0
"Switzerland","CHE",1995,0
"Switzerland","CHE",1996,0
"Switzerland","CHE",1997,0
"Switzerland","CHE",1998,0
"Switzerland","CHE",1999,0
"Switzerland","CHE",2000,0
"Switzerland","CHE",2001,0
"Switzerland","CHE",2002,0
"Switzerland","CHE",2003,0
"Switzerland","CHE",2004,0
"Switzerland","CHE",2005,0
"Switzerland","CHE",2006,0
"Switzerland","CHE",2007,0
"Switzerland","CHE",2008,1
"Switzerland","CHE",2009,0
"Switzerland","CHE",2010,0
"Switzerland","CHE",2011,0
"Switzerland","CHE",2012,0
"Switzerland","CHE",2013,0
"Switzerland","CHE",2014,0
"Switzerland","CHE",2015,0
"Switzerland","CHE",2016,0
"Switzerland","CHE",2017,0
"Switzerland","CHE",2018,0
"Switzerland","CHE",2019,0
"Switzerland","CHE",2020,0
"Germany","DEU",1870,0
"Germany","DEU",1871,0
"Germany","DEU",1872,0
"Germany","DEU",1873,0
"Germany","DEU",1874,1
"Germany","DEU",1875,0
"Germany","DEU",1876,0
"Germany","DEU",1877,0
"Germany","DEU",1878,0
"Germany","DEU",1879,0
"Germany","DEU",1880,0
"Germany","DEU",1881,0
"Germany","DEU",1882,0
"Germany","DEU",1883,0
"Germany","DEU",1884,0
"Germany","DEU",1885,0
"Germany","DEU",1886,0
"Germany","DEU",1887,0
"Germany","DEU",1888,0
"Germany","DEU",1889,0
"Germany","DEU",1890,0
"Germany","DEU",1891,1
"Germany","DEU",1892,0
"Germany","DEU",1893,0
"Germany","DEU",1894,0
"Germany","DEU",1895,0
"Germany","DEU",1896,0
"Germany","DEU",1897,0
"Germany","DEU",1898,0
"Germany","DEU",1899,0
"Germany","DEU",1900,0
"Germany","DEU",1901,1
"Germany","DEU",1902,0
"Germany","DEU",1903,0
"Germany","DEU",1904,0
"Germany","DEU",1905,0
"Germany","DEU",1906,0
"Germany","DEU",1907,0
"Germany","DEU",1908,0
"Germany","DEU",1909,0
"Germany","DEU",1910,0
"Germany","DEU",1911,0
"Germany","DEU",1912,0
"Germany","DEU",1913,0
"Germany","DEU",1914,1
"Germany","DEU",1915,0
"Germany","DEU",1916,0
"Germany","DEU",1917,0
"Germany","DEU",1918,0
"Germany","DEU",1919,0
"Germany","DEU",1920,0
"Germany","DEU",1921,0
"Germany","DEU",1922,0
"Germany","DEU",1923,0
"Germany","DEU",1924,0
"Germany","DEU",1925,0
"Germany","DEU",1926,0
"Germany","DEU",1927,0
"Germany","DEU",1928,0
"Germany","DEU",1929,0
"Germany","DEU",1930,1
"Germany","DEU",1931,0
"Germany","DEU",1932,0
"Germany","DEU",1933,0
"Germany","DEU",1934,0
"Germany","DEU",1935,0
"Germany","DEU",1936,0
"Germany","DEU",1937,0
"Germany","DEU",1938,0
"Germany","DEU",1939,0
"Germany","DEU",1940,0
"Germany","DEU",1941,0
"Germany","DEU",1942,0
"Germany","DEU",1943,0
"Germany","DEU",1944,0
"Germany","DEU",1945,0
"Germany","DEU",1946,0
"Germany","DEU",1947,0
"Germany","DEU",1948,0
"Germany","DEU",1949,0
"Germany","DEU",1950,0
"Germany","DEU",1951,0
"Germany","DEU",1952,0
"Germany","DEU",1953,0
"Germany","DEU",1954,0
"Germany","DEU",1955,0
"Germany","DEU",1956,0
"Germany","DEU",1957,0
"Germany","DEU",1958,0
"Germany","DEU",1959,0
"Germany","DEU",1960,0
"Germany","DEU",1961,0
"Germany","DEU",1962,0
"Germany","DEU",1963,0
"Germany","DEU",1964,0
"Germany","DEU",1965,0
"Germany","DEU",1966,0
"Germany","DEU",1967,0
"Germany","DEU",1968,0
"Germany","DEU",1969,0
"Germany","DEU",1970,0
"Germany","DEU",1971,0
"Germany","DEU",1972,0
"Germany","DEU",1973,0
"Germany","DEU",1974,0
"Germany","DEU",1975,0
"Germany","DEU",1976,0
"Germany","DEU",1977,0
"Germany","DEU",1978,0
"Germany","DEU",1979,0
"Germany","DEU",1980,0
"Germany","DEU",1981,0
"Germany","DEU",1982,0
"Germany","DEU",1983,0
"Germany","DEU",1984,0
"Germany","DEU",1985,0
"Germany","DEU",1986,0
"Germany","DEU",1987,0
"Germany","DEU",1988,0
"Germany","DEU",1989,0
"Germany","DEU",1990,0
"Germany","DEU",1991,0
"Germany","DEU",1992,0
"Germany","DEU",1993,0
"Germany","DEU",1994,0
"Germany","DEU",1995,0
"Germany","DEU",1996,0
"Germany","DEU",1997,0
"Germany","DEU",1998,0
"Germany","DEU",1999,0
"Germany","DEU",2000,0
"Germany","DEU",2001,0
"Germany","DEU",2002,0
"Germany","DEU",2003,0
"Germany","DEU",2004,0
"Germany","DEU",2005,0
"Germany","DEU",2006,0
"Germany","DEU",2007,0
"Germany","DEU",2008,1
"Germany","DEU",2009,0
"Germany","DEU",2010,0
"Germany","DEU",2011,0
"Germany","DEU",2012,0
"Germany","DEU",2013,0
"Germany","DEU",2014,0
"Germany","DEU",2015,0
"Germany","DEU",2016,0
"Germany","DEU",2017,0
"Germany","DEU",2018,0
"Germany","DEU",2019,0
"Germany","DEU",2020,0
"Denmark","DNK",1870,0
"Denmark","DNK",1871,0
"Denmark","DNK",1872,0
"Denmark","DNK",1873,0
"Denmark","DNK",1874,0
"Denmark","DNK",1875,0
"Denmark","DNK",1876,0
"Denmark","DNK",1877,1
"Denmark","DNK",1878,0
"Denmark","DNK",1879,0
"Denmark","DNK",1880,0
"Denmark","DNK",1881,0
"Denmark","DNK",1882,0
"Denmark","DNK",1883,0
"Denmark","DNK",1884,0
"Denmark","DNK",1885,1
"Denmark","DNK",1886,0
"Denmark","DNK",1887,0
"Denmark","DNK",1888,0
"Denmark","DNK",1889,0
"Denmark","DNK",1890,0
"Denmark","DNK",1891,0
"Denmark","DNK",1892,0
"Denmark","DNK",1893,0
"Denmark","DNK",1894,0
"Denmark","DNK",1895,0
"Denmark","DNK",1896,0
"Denmark","DNK",1897,0
"Denmark","DNK",1898,0
"Denmark","DNK",1899,0
"Denmark","DNK",1900,0
"Denmark","DNK",1901,0
"Denmark","DNK",1902,0
"Denmark","DNK",1903,0
"Denmark","DNK",1904,0
"Denmark","DNK",1905,0
"Denmark","DNK",1906,0
"Denmark","DNK",1907,1
"Denmark","DNK",1908,0
"Denmark","DNK",1909,0
"Denmark","DNK",1910,0
"Denmark","DNK",1911,0
"Denmark","DNK",1912,0
"Denmark","DNK",1913,0
"Denmark","DNK",1914,0
"Denmark","DNK",1915,0
"Denmark","DNK",1916,0
"Denmark","DNK",1917,0
"Denmark","DNK",1918,0
"Denmark","DNK",1919,1
"Denmark","DNK",1920,0
"Denmark","DNK",1921,0
"Denmark","DNK",1922,0
"Denmark","DNK",1923,0
"Denmark","DNK",1924,0
"Denmark","DNK",1925,0
"Denmark","DNK",1926,0
"Denmark","DNK",1927,0
"Denmark","DNK",1928,0
"Denmark","DNK",1929,0
"Denmark","DNK",1930,0
"Denmark","DNK",1931,0
"Denmark","DNK",1932,0
"Denmark","DNK",1933,0
"Denmark","DNK",1934,0
"Denmark","DNK",1935,0
"Denmark","DNK",1936,0
"Denmark","DNK",1937,0
"Denmark","DNK",1938,0
"Denmark","DNK",1939,0
"Denmark","DNK",1940,0
"Denmark","DNK",1941,0
"Denmark","DNK",1942,0
"Denmark","DNK",1943,0
"Denmark","DNK",1944,0
"Denmark","DNK",1945,0
"Denmark","DNK",1946,0
"Denmark","DNK",1947,0
"Denmark","DNK",1948,0
"Denmark","DNK",1949,0
"Denmark","DNK",1950,0
"Denmark","DNK",1951,0
"Denmark","DNK",1952,0
"Denmark","DNK",1953,0
"Denmark","DNK",1954,0
"Denmark","DNK",1955,0
"Denmark","DNK",1956,0
"Denmark","DNK",1957,0
"Denmark","DNK",1958,0
"Denmark","DNK",1959,0
"Denmark","DNK",1960,0
"Denmark","DNK",1961,0
"Denmark","DNK",1962,0
"Denmark","DNK",1963,0
"Denmark","DNK",1964,0
"Denmark","DNK",1965,0
"Denmark","DNK",1966,0
"Denmark","DNK",1967,0
"Denmark","DNK",1968,0
"Denmark","DNK",1969,0
"Denmark","DNK",1970,0
"Denmark","DNK",1971,0
"Denmark","DNK",1972,0
"Denmark","DNK",1973,0
"Denmark","DNK",1974,0
"Denmark","DNK",1975,0
"Denmark","DNK",1976,0
"Denmark","DNK",1977,0
"Denmark","DNK",1978,0
"Denmark","DNK",1979,0
"Denmark","DNK",1980,0
"Denmark","DNK",1981,0
"Denmark","DNK",1982,0
"Denmark","DNK",1983,0
"Denmark","DNK",1984,0
"Denmark","DNK",1985,0
"Denmark","DNK",1986,0
"Denmark","DNK",1987,0
"Denmark","DNK",1988,0
"Denmark","DNK",1989,0
"Denmark","DNK",1990,0
"Denmark","DNK",1991,0
"Denmark","DNK",1992,1
"Denmark","DNK",1993,0
"Denmark","DNK",1994,0
"Denmark","DNK",1995,0
"Denmark","DNK",1996,0
"Denmark","DNK",1997,0
"Denmark","DNK",1998,0
"Denmark","DNK",1999,0
"Denmark","DNK",2000,0
"Denmark","DNK",2001,0
"Denmark","DNK",2002,0
"Denmark","DNK",2003,0
"Denmark","DNK",2004,0
"Denmark","DNK",2005,0
"Denmark","DNK",2006,0
"Denmark","DNK",2007,0
"Denmark","DNK",2008,1
"Denmark","DNK",2009,0
"Denmark","DNK",2010,0
"Denmark","DNK",2011,1
"Denmark","DNK",2012,0
"Denmark","DNK",2013,0
"Denmark","DNK",2014,0
"Denmark","DNK",2015,0
"Denmark","DNK",2016,0
"Denmark","DNK",2017,0
"Denmark","DNK",2018,0
"Denmark","DNK",2019,0
"Denmark","DNK",2020,0
"Spain","ESP",1870,0
"Spain","ESP",1871,0
"Spain","ESP",1872,0
"Spain","ESP",1873,0
"Spain","ESP",1874,0
"Spain","ESP",1875,0
"Spain","ESP",1876,0
"Spain","ESP",1877,0
"Spain","ESP",1878,0
"Spain","ESP",1879,0
"Spain","ESP",1880,0
"Spain","ESP",1881,0
"Spain","ESP",1882,1
"Spain","ESP",1883,0
"Spain","ESP",1884,0
"Spain","ESP",1885,0
"Spain","ESP",1886,0
"Spain","ESP",1887,0
"Spain","ESP",1888,0
"Spain","ESP",1889,0
"Spain","ESP",1890,1
"Spain","ESP",1891,0
"Spain","ESP",1892,0
"Spain","ESP",1893,0
"Spain","ESP",1894,0
"Spain","ESP",1895,0
"Spain","ESP",1896,0
"Spain","ESP",1897,0
"Spain","ESP",1898,0
"Spain","ESP",1899,0
"Spain","ESP",1900,0
"Spain","ESP",1901,0
"Spain","ESP",1902,0
"Spain","ESP",1903,0
"Spain","ESP",1904,0
"Spain","ESP",1905,0
"Spain","ESP",1906,0
"Spain","ESP",1907,0
"Spain","ESP",1908,0
"Spain","ESP",1909,0
"Spain","ESP",1910,0
"Spain","ESP",1911,0
"Spain","ESP",1912,0
"Spain","ESP",1913,1
"Spain","ESP",1914,0
"Spain","ESP",1915,0
"Spain","ESP",1916,0
"Spain","ESP",1917,0
"Spain","ESP",1918,0
"Spain","ESP",1919,0
"Spain","ESP",1920,1
"Spain","ESP",1921,0
"Spain","ESP",1922,0
"Spain","ESP",1923,0
"Spain","ESP",1924,1
"Spain","ESP",1925,0
"Spain","ESP",1926,0
"Spain","ESP",1927,0
"Spain","ESP",1928,0
"Spain","ESP",1929,0
"Spain","ESP",1930,0
"Spain","ESP",1931,1
"Spain","ESP",1932,0
"Spain","ESP",1933,0
"Spain","ESP",1934,0
"Spain","ESP",1935,0
"Spain","ESP",1936,0
"Spain","ESP",1937,0
"Spain","ESP",1938,0
"Spain","ESP",1939,0
"Spain","ESP",1940,0
"Spain","ESP",1941,0
"Spain","ESP",1942,0
"Spain","ESP",1943,0
"Spain","ESP",1944,0
"Spain","ESP",1945,0
"Spain","ESP",1946,0
"Spain","ESP",1947,0
"Spain","ESP",1948,0
"Spain","ESP",1949,0
"Spain","ESP",1950,0
"Spain","ESP",1951,0
"Spain","ESP",1952,0
"Spain","ESP",1953,0
"Spain","ESP",1954,0
"Spain","ESP",1955,0
"Spain","ESP",1956,0
"Spain","ESP",1957,0
"Spain","ESP",1958,0
"Spain","ESP",1959,0
"Spain","ESP",1960,0
"Spain","ESP",1961,0
"Spain","ESP",1962,0
"Spain","ESP",1963,0
"Spain","ESP",1964,0
"Spain","ESP",1965,0
"Spain","ESP",1966,0
"Spain","ESP",1967,0
"Spain","ESP",1968,0
"Spain","ESP",1969,0
"Spain","ESP",1970,0
"Spain","ESP",1971,0
"Spain","ESP",1972,0
"Spain","ESP",1973,0
"Spain","ESP",1974,0
"Spain","ESP",1975,1
"Spain","ESP",1976,0
"Spain","ESP",1977,0
"Spain","ESP",1978,0
"Spain","ESP",1979,0
"Spain","ESP",1980,0
"Spain","ESP",1981,0
"Spain","ESP",1982,0
"Spain","ESP",1983,0
"Spain","ESP",1984,0
"Spain","ESP",1985,0
"Spain","ESP",1986,0
"Spain","ESP",1987,0
"Spain","ESP",1988,0
"Spain","ESP",1989,0
"Spain","ESP",1990,0
"Spain","ESP",1991,0
"Spain","ESP",1992,0
"Spain","ESP",1993,0
"Spain","ESP",1994,0
"Spain","ESP",1995,0
"Spain","ESP",1996,0
"Spain","ESP",1997,0
"Spain","ESP",1998,0
"Spain","ESP",1999,0
"Spain","ESP",2000,0
"Spain","ESP",2001,0
"Spain","ESP",2002,0
"Spain","ESP",2003,0
"Spain","ESP",2004,0
"Spain","ESP",2005,0
"Spain","ESP",2006,0
"Spain","ESP",2007,0
"Spain","ESP",2008,1
"Spain","ESP",2009,0
"Spain","ESP",2010,1
"Spain","ESP",2011,0
"Spain","ESP",2012,0
"Spain","ESP",2013,0
"Spain","ESP",2014,0
"Spain","ESP",2015,0
"Spain","ESP",2016,0
"Spain","ESP",2017,0
"Spain","ESP",2018,0
"Spain","ESP",2019,0
"Spain","ESP",2020,0
"Finland","FIN",1870,0
"Finland","FIN",1871,0
"Finland","FIN",1872,0
"Finland","FIN",1873,0
"Finland","FIN",1874,0
"Finland","FIN",1875,0
"Finland","FIN",1876,0
"Finland","FIN",1877,0
"Finland","FIN",1878,0
"Finland","FIN",1879,0
"Finland","FIN",1880,0
"Finland","FIN",1881,0
"Finland","FIN",1882,0
"Finland","FIN",1883,0
"Finland","FIN",1884,0
"Finland","FIN",1885,0
"Finland","FIN",1886,0
"Finland","FIN",1887,0
"Finland","FIN",1888,0
"Finland","FIN",1889,0
"Finland","FIN",1890,0
"Finland","FIN",1891,0
"Finland","FIN",1892,0
"Finland","FIN",1893,0
"Finland","FIN",1894,0
"Finland","FIN",1895,0
"Finland","FIN",1896,0
"Finland","FIN",1897,0
"Finland","FIN",1898,0
"Finland","FIN",1899,0
"Finland","FIN",1900,1
"Finland","FIN",1901,0
"Finland","FIN",1902,0
"Finland","FIN",1903,0
"Finland","FIN",1904,0
"Finland","FIN",1905,0
"Finland","FIN",1906,0
"Finland","FIN",1907,0
"Finland","FIN",1908,0
"Finland","FIN",1909,0
"Finland","FIN",1910,0
"Finland","FIN",1911,0
"Finland","FIN",1912,0
"Finland","FIN",1913,0
"Finland","FIN",1914,0
"Finland","FIN",1915,0
"Finland","FIN",1916,0
"Finland","FIN",1917,0
"Finland","FIN",1918,0
"Finland","FIN",1919,0
"Finland","FIN",1920,0
"Finland","FIN",1921,1
"Finland","FIN",1922,0
"Finland","FIN",1923,0
"Finland","FIN",1924,0
"Finland","FIN",1925,0
"Finland","FIN",1926,0
"Finland","FIN",1927,0
"Finland","FIN",1928,0
"Finland","FIN",1929,0
"Finland","FIN",1930,0
"Finland","FIN",1931,1
"Finland","FIN",1932,0
"Finland","FIN",1933,0
"Finland","FIN",1934,0
"Finland","FIN",1935,0
"Finland","FIN",1936,0
"Finland","FIN",1937,0
"Finland","FIN",1938,0
"Finland","FIN",1939,0
"Finland","FIN",1940,0
"Finland","FIN",1941,0
"Finland","FIN",1942,0
"Finland","FIN",1943,0
"Finland","FIN",1944,0
"Finland","FIN",1945,0
"Finland","FIN",1946,0
"Finland","FIN",1947,0
"Finland","FIN",1948,0
"Finland","FIN",1949,0
"Finland","FIN",1950,0
"Finland","FIN",1951,0
"Finland","FIN",1952,0
"Finland","FIN",1953,0
"Finland","FIN",1954,0
"Finland","FIN",1955,0
"Finland","FIN",1956,0
"Finland","FIN",1957,0
"Finland","FIN",1958,0
"Finland","FIN",1959,0
"Finland","FIN",1960,0
"Finland","FIN",1961,0
"Finland","FIN",1962,0
"Finland","FIN",1963,0
"Finland","FIN",1964,0
"Finland","FIN",1965,0
"Finland","FIN",1966,0
"Finland","FIN",1967,0
"Finland","FIN",1968,0
"Finland","FIN",1969,0
"Finland","FIN",1970,0
"Finland","FIN",1971,0
"Finland","FIN",1972,0
"Finland","FIN",1973,0
"Finland","FIN",1974,0
"Finland","FIN",1975,0
"Finland","FIN",1976,0
"Finland","FIN",1977,0
"Finland","FIN",1978,0
"Finland","FIN",1979,0
"Finland","FIN",1980,0
"Finland","FIN",1981,0
"Finland","FIN",1982,0
"Finland","FIN",1983,0
"Finland","FIN",1984,0
"Finland","FIN",1985,0
"Finland","FIN",1986,0
"Finland","FIN",1987,0
"Finland","FIN",1988,0
"Finland","FIN",1989,0
"Finland","FIN",1990,1
"Finland","FIN",1991,0
"Finland","FIN",1992,0
"Finland","FIN",1993,0
"Finland","FIN",1994,0
"Finland","FIN",1995,0
"Finland","FIN",1996,0
"Finland","FIN",1997,0
"Finland","FIN",1998,0
"Finland","FIN",1999,0
"Finland","FIN",2000,0
"Finland","FIN",2001,0
"Finland","FIN",2002,0
"Finland","FIN",2003,0
"Finland","FIN",2004,0
"Finland","FIN",2005,0
"Finland","FIN",2006,0
"Finland","FIN",2007,0
"Finland","FIN",2008,0
"Finland","FIN",2009,0
"Finland","FIN",2010,0
"Finland","FIN",2011,0
"Finland","FIN",2012,0
"Finland","FIN",2013,0
"Finland","FIN",2014,0
"Finland","FIN",2015,0
"Finland","FIN",2016,0
"Finland","FIN",2017,0
"Finland","FIN",2018,0
"Finland","FIN",2019,0
"Finland","FIN",2020,0
"France","FRA",1870,0
"France","FRA",1871,1
"France","FRA",1872,0
"France","FRA",1873,0
"France","FRA",1874,0
"France","FRA",1875,0
"France","FRA",1876,0
"France","FRA",1877,0
"France","FRA",1878,0
"France","FRA",1879,0
"France","FRA",1880,0
"France","FRA",1881,0
"France","FRA",1882,1
"France","FRA",1883,0
"France","FRA",1884,0
"France","FRA",1885,0
"France","FRA",1886,0
"France","FRA",1887,0
"France","FRA",1888,0
"France","FRA",1889,1
"France","FRA",1890,0
"France","FRA",1891,0
"France","FRA",1892,0
"France","FRA",1893,0
"France","FRA",1894,0
"France","FRA",1895,0
"France","FRA",1896,0
"France","FRA",1897,0
"France","FRA",1898,0
"France","FRA",1899,0
"France","FRA",1900,0
"France","FRA",1901,0
"France","FRA",1902,0
"France","FRA",1903,0
"France","FRA",1904,0
"France","FRA",1905,0
"France","FRA",1906,0
"France","FRA",1907,0
"France","FRA",1908,0
"France","FRA",1909,0
"France","FRA",1910,0
"France","FRA",1911,0
"France","FRA",1912,0
"France","FRA",1913,0
"France","FRA",1914,1
"France","FRA",1915,0
"France","FRA",1916,0
"France","FRA",1917,0
"France","FRA",1918,0
"France","FRA",1919,0
"France","FRA",1920,0
"France","FRA",1921,0
"France","FRA",1922,0
"France","FRA",1923,0
"France","FRA",1924,0
"France","FRA",1925,0
"France","FRA",1926,0
"France","FRA",1927,0
"France","FRA",1928,0
"France","FRA",1929,0
"France","FRA",1930,1
"France","FRA",1931,0
"France","FRA",1932,0
"France","FRA",1933,0
"France","FRA",1934,0
"France","FRA",1935,0
"France","FRA",1936,0
"France","FRA",1937,1
"France","FRA",1938,0
"France","FRA",1939,0
"France","FRA",1940,0
"France","FRA",1941,0
"France","FRA",1942,0
"France","FRA",1943,0
"France","FRA",1944,0
"France","FRA",1945,0
"France","FRA",1946,0
"France","FRA",1947,0
"France","FRA",1948,0
"France","FRA",1949,0
"France","FRA",1950,0
"France","FRA",1951,0
"France","FRA",1952,0
"France","FRA",1953,0
"France","FRA",1954,0
"France","FRA",1955,0
"France","FRA",1956,0
"France","FRA",1957,0
"France","FRA",1958,0
"France","FRA",1959,0
"France","FRA",1960,0
"France","FRA",1961,0
"France","FRA",1962,0
"France","FRA",1963,0
"France","FRA",1964,0
"France","FRA",1965,0
"France","FRA",1966,0
"France","FRA",1967,0
"France","FRA",1968,0
"France","FRA",1969,0
"France","FRA",1970,0
"France","FRA",1971,0
"France","FRA",1972,0
"France","FRA",1973,0
"France","FRA",1974,0
"France","FRA",1975,0
"France","FRA",1976,0
"France","FRA",1977,0
"France","FRA",1978,0
"France","FRA",1979,0
"France","FRA",1980,0
"France","FRA",1981,0
"France","FRA",1982,0
"France","FRA",1983,0
"France","FRA",1984,0
"France","FRA",1985,0
"France","FRA",1986,0
"France","FRA",1987,0
"France","FRA",1988,0
"France","FRA",1989,0
"France","FRA",1990,0
"France","FRA",1991,0
"France","FRA",1992,0
"France","FRA",1993,0
"France","FRA",1994,0
"France","FRA",1995,0
"France","FRA",1996,0
"France","FRA",1997,0
"France","FRA",1998,0
"France","FRA",1999,0
"France","FRA",2000,0
"France","FRA",2001,0
"France","FRA",2002,0
"France","FRA",2003,0
"France","FRA",2004,0
"France","FRA",2005,0
"France","FRA",2006,0
"France","FRA",2007,0
"France","FRA",2008,1
"France","FRA",2009,0
"France","FRA",2010,0
"France","FRA",2011,0
"France","FRA",2012,0
"France","FRA",2013,0
"France","FRA",2014,0
"France","FRA",2015,0
"France","FRA",2016,0
"France","FRA",2017,0
"France","FRA",2018,0
"France","FRA",2019,0
"France","FRA",2020,0
"UK","GBR",1870,0
"UK","GBR",1871,0
"UK","GBR",1872,0
"UK","GBR",1873,0
"UK","GBR",1874,0
"UK","GBR",1875,0
"UK","GBR",1876,0
"UK","GBR",1877,0
"UK","GBR",1878,1
"UK","GBR",1879,0
"UK","GBR",1880,0
"UK","GBR",1881,0
"UK","GBR",1882,0
"UK","GBR",1883,0
"UK","GBR",1884,0
"UK","GBR",1885,0
"UK","GBR",1886,0
"UK","GBR",1887,0
"UK","GBR",1888,0
"UK","GBR",1889,0
"UK","GBR",1890,1
"UK","GBR",1891,0
"UK","GBR",1892,0
"UK","GBR",1893,0
"UK","GBR",1894,0
"UK","GBR",1895,0
"UK","GBR",1896,0
"UK","GBR",1897,0
"UK","GBR",1898,0
"UK","GBR",1899,0
"UK","GBR",1900,0
"UK","GBR",1901,0
"UK","GBR",1902,0
"UK","GBR",1903,0
"UK","GBR",1904,0
"UK","GBR",1905,0
"UK","GBR",1906,0
"UK","GBR",1907,0
"UK","GBR",1908,0
"UK","GBR",1909,0
"UK","GBR",1910,0
"UK","GBR",1911,0
"UK","GBR",1912,0
"UK","GBR",1913,0
"UK","GBR",1914,1
"UK","GBR",1915,0
"UK","GBR",1916,0
"UK","GBR",1917,0
"UK","GBR",1918,0
"UK","GBR",1919,0
"UK","GBR",1920,0
"UK","GBR",1921,0
"UK","GBR",1922,0
"UK","GBR",1923,0
"UK","GBR",1924,0
"UK","GBR",1925,0
"UK","GBR",1926,0
"UK","GBR",1927,0
"UK","GBR",1928,0
"UK","GBR",1929,0
"UK","GBR",1930,0
"UK","GBR",1931,0
"UK","GBR",1932,0
"UK","GBR",1933,0
"UK","GBR",1934,0
"UK","GBR",1935,0
"UK","GBR",1936,0
"UK","GBR",1937,0
"UK","GBR",1938,0
"UK","GBR",1939,0
"UK","GBR",1940,0
"UK","GBR",1941,0
"UK","GBR",1942,0
"UK","GBR",1943,0
"UK","GBR",1944,0
"UK","GBR",1945,0
"UK","GBR",1946,0
"UK","GBR",1947,0
"UK","GBR",1948,0
"UK","GBR",1949,0
"UK","GBR",1950,0
"UK","GBR",1951,0
"UK","GBR",1952,0
"UK","GBR",1953,0
"UK","GBR",1954,0
"UK","GBR",1955,0
"UK","GBR",1956,0
"UK","GBR",1957,0
"UK","GBR",1958,0
"UK","GBR",1959,0
"UK","GBR",1960,0
"UK","GBR",1961,0
"UK","GBR",1962,0
"UK","GBR",1963,0
"UK","GBR",1964,0
"UK","GBR",1965,0
"UK","GBR",1966,0
"UK","GBR",1967,0
"UK","GBR",1968,0
"UK","GBR",1969,0
"UK","GBR",1970,0
"UK","GBR",1971,0
"UK","GBR",1972,0
"UK","GBR",1973,1
"UK","GBR",1974,0
"UK","GBR",1975,0
"UK","GBR",1976,0
"UK","GBR",1977,0
"UK","GBR",1978,0
"UK","GBR",1979,0
"UK","GBR",1980,0
"UK","GBR",1981,0
"UK","GBR",1982,0
"UK","GBR",1983,0
"UK","GBR",1984,0
"UK","GBR",1985,0
"UK","GBR",1986,0
"UK","GBR",1987,0
"UK","GBR",1988,0
"UK","GBR",1989,0
"UK","GBR",1990,0
"UK","GBR",1991,1
"UK","GBR",1992,0
"UK","GBR",1993,0
"UK","GBR",1994,0
"UK","GBR",1995,0
"UK","GBR",1996,0
"UK","GBR",1997,0
"UK","GBR",1998,0
"UK","GBR",1999,0
"UK","GBR",2000,0
"UK","GBR",2001,0
"UK","GBR",2002,0
"UK","GBR",2003,0
"UK","GBR",2004,0
"UK","GBR",2005,0
"UK","GBR",2006,0
"UK","GBR",2007,0
"UK","GBR",2008,1
"UK","GBR",2009,0
"UK","GBR",2010,0
"UK","GBR",2011,0
"UK","GBR",2012,0
"UK","GBR",2013,0
"UK","GBR",2014,0
"UK","GBR",2015,0
"UK","GBR",2016,0
"UK","GBR",2017,0
"UK","GBR",2018,0
"UK","GBR",2019,0
"UK","GBR",2020,0
"Ireland","IRL",1870,0
"Ireland","IRL",1871,0
"Ireland","IRL",1872,0
"Ireland","IRL",1873,0
"Ireland","IRL",1874,0
"Ireland","IRL",1875,0
"Ireland","IRL",1876,0
"Ireland","IRL",1877,0
"Ireland","IRL",1878,0
"Ireland","IRL",1879,0
"Ireland","IRL",1880,0
"Ireland","IRL",1881,0
"Ireland","IRL",1882,0
"Ireland","IRL",1883,0
"Ireland","IRL",1884,0
"Ireland","IRL",1885,0
"Ireland","IRL",1886,0
"Ireland","IRL",1887,0
"Ireland","IRL",1888,0
"Ireland","IRL",1889,0
"Ireland","IRL",1890,0
"Ireland","IRL",1891,0
"Ireland","IRL",1892,0
"Ireland","IRL",1893,0
"Ireland","IRL",1894,0
"Ireland","IRL",1895,0
"Ireland","IRL",1896,0
"Ireland","IRL",1897,0
"Ireland","IRL",1898,0
"Ireland","IRL",1899,0
"Ireland","IRL",1900,0
"Ireland","IRL",1901,0
"Ireland","IRL",1902,0
"Ireland","IRL",1903,0
"Ireland","IRL",1904,0
"Ireland","IRL",1905,0
"Ireland","IRL",1906,0
"Ireland","IRL",1907,0
"Ireland","IRL",1908,0
"Ireland","IRL",1909,0
"Ireland","IRL",1910,0
"Ireland","IRL",1911,0
"Ireland","IRL",1912,0
"Ireland","IRL",1913,0
"Ireland","IRL",1914,0
"Ireland","IRL",1915,0
"Ireland","IRL",1916,0
"Ireland","IRL",1917,0
"Ireland","IRL",1918,0
"Ireland","IRL",1919,0
"Ireland","IRL",1920,0
"Ireland","IRL",1921,0
"Ireland","IRL",1922,0
"Ireland","IRL",1923,0
"Ireland","IRL",1924,0
"Ireland","IRL",1925,0
"Ireland","IRL",1926,0
"Ireland","IRL",1927,0
"Ireland","IRL",1928,0
"Ireland","IRL",1929,0
"Ireland","IRL",1930,0
"Ireland","IRL",1931,0
"Ireland","IRL",1932,0
"Ireland","IRL",1933,0
"Ireland","IRL",1934,0
"Ireland","IRL",1935,0
"Ireland","IRL",1936,0
"Ireland","IRL",1937,0
"Ireland","IRL",1938,0
"Ireland","IRL",1939,0
"Ireland","IRL",1940,0
"Ireland","IRL",1941,0
"Ireland","IRL",1942,0
"Ireland","IRL",1943,0
"Ireland","IRL",1944,0
"Ireland","IRL",1945,0
"Ireland","IRL",1946,0
"Ireland","IRL",1947,0
"Ireland","IRL",1948,0
"Ireland","IRL",1949,0
"Ireland","IRL",1950,0
"Ireland","IRL",1951,0
"Ireland","IRL",1952,0
"Ireland","IRL",1953,0
"Ireland","IRL",1954,0
"Ireland","IRL",1955,0
"Ireland","IRL",1956,0
"Ireland","IRL",1957,0
"Ireland","IRL",1958,0
"Ireland","IRL",1959,0
"Ireland","IRL",1960,0
"Ireland","IRL",1961,0
"Ireland","IRL",1962,0
"Ireland","IRL",1963,0
"Ireland","IRL",1964,0
"Ireland","IRL",1965,0
"Ireland","IRL",1966,0
"Ireland","IRL",1967,0
"Ireland","IRL",1968,0
"Ireland","IRL",1969,0
"Ireland","IRL",1970,0
"Ireland","IRL",1971,0
"Ireland","IRL",1972,0
"Ireland","IRL",1973,0
"Ireland","IRL",1974,0
"Ireland","IRL",1975,0
"Ireland","IRL",1976,0
"Ireland","IRL",1977,0
"Ireland","IRL",1978,0
"Ireland","IRL",1979,0
"Ireland","IRL",1980,0
"Ireland","IRL",1981,0
"Ireland","IRL",1982,0
"Ireland","IRL",1983,0
"Ireland","IRL",1984,0
"Ireland","IRL",1985,0
"Ireland","IRL",1986,0
"Ireland","IRL",1987,0
"Ireland","IRL",1988,0
"Ireland","IRL",1989,0
"Ireland","IRL",1990,0
"Ireland","IRL",1991,0
"Ireland","IRL",1992,0
"Ireland","IRL",1993,0
"Ireland","IRL",1994,0
"Ireland","IRL",1995,0
"Ireland","IRL",1996,0
"Ireland","IRL",1997,0
"Ireland","IRL",1998,0
"Ireland","IRL",1999,0
"Ireland","IRL",2000,0
"Ireland","IRL",2001,0
"Ireland","IRL",2002,0
"Ireland","IRL",2003,0
"Ireland","IRL",2004,0
"Ireland","IRL",2005,0
"Ireland","IRL",2006,0
"Ireland","IRL",2007,1
"Ireland","IRL",2008,0
"Ireland","IRL",2009,0
"Ireland","IRL",2010,1
"Ireland","IRL",2011,0
"Ireland","IRL",2012,0
"Ireland","IRL",2013,0
"Ireland","IRL",2014,0
"Ireland","IRL",2015,0
"Ireland","IRL",2016,0
"Ireland","IRL",2017,0
"Ireland","IRL",2018,0
"Ireland","IRL",2019,0
"Ireland","IRL",2020,0
"Italy","ITA",1870,0
"Italy","ITA",1871,0
"Italy","ITA",1872,0
"Italy","ITA",1873,1
"Italy","ITA",1874,0
"Italy","ITA",1875,0
"Italy","ITA",1876,0
"Italy","ITA",1877,0
"Italy","ITA",1878,0
"Italy","ITA",1879,0
"Italy","ITA",1880,0
"Italy","ITA",1881,0
"Italy","ITA",1882,0
"Italy","ITA",1883,0
"Italy","ITA",1884,0
"Italy","ITA",1885,0
"Italy","ITA",1886,0
"Italy","ITA",1887,0
"Italy","ITA",1888,0
"Italy","ITA",1889,1
"Italy","ITA",1890,0
"Italy","ITA",1891,1
"Italy","ITA",1892,0
"Italy","ITA",1893,0
"Italy","ITA",1894,0
"Italy","ITA",1895,0
"Italy","ITA",1896,0
"Italy","ITA",1897,0
"Italy","ITA",1898,0
"Italy","ITA",1899,0
"Italy","ITA",1900,0
"Italy","ITA",1901,0
"Italy","ITA",1902,0
"Italy","ITA",1903,0
"Italy","ITA",1904,0
"Italy","ITA",1905,0
"Italy","ITA",1906,0
"Italy","ITA",1907,1
"Italy","ITA",1908,0
"Italy","ITA",1909,0
"Italy","ITA",1910,0
"Italy","ITA",1911,0
"Italy","ITA",1912,0
"Italy","ITA",1913,0
"Italy","ITA",1914,1
"Italy","ITA",1915,0
"Italy","ITA",1916,0
"Italy","ITA",1917,0
"Italy","ITA",1918,0
"Italy","ITA",1919,0
"Italy","ITA",1920,0
"Italy","ITA",1921,1
"Italy","ITA",1922,0
"Italy","ITA",1923,0
"Italy","ITA",1924,0
"Italy","ITA",1925,0
"Italy","ITA",1926,0
"Italy","ITA",1927,0
"Italy","ITA",1928,0
"Italy","ITA",1929,0
"Italy","ITA",1930,1
"Italy","ITA",1931,0
"Italy","ITA",1932,0
"Italy","ITA",1933,0
"Italy","ITA",1934,0
"Italy","ITA",1935,0
"Italy","ITA",1936,0
"Italy","ITA",1937,0
"Italy","ITA",1938,0
"Italy","ITA",1939,0
"Italy","ITA",1940,0
"Italy","ITA",1941,0
"Italy","ITA",1942,0
"Italy","ITA",1943,0
"Italy","ITA",1944,0
"Italy","ITA",1945,0
"Italy","ITA",1946,0
"Italy","ITA",1947,0
"Italy","ITA",1948,0
"Italy","ITA",1949,0
"Italy","ITA",1950,0
"Italy","ITA",1951,0
"Italy","ITA",1952,0
"Italy","ITA",1953,0
"Italy","ITA",1954,0
"Italy","ITA",1955,0
"Italy","ITA",1956,0
"Italy","ITA",1957,0
"Italy","ITA",1958,0
"Italy","ITA",1959,0
"Italy","ITA",1960,0
"Italy","ITA",1961,0
"Italy","ITA",1962,0
"Italy","ITA",1963,0
"Italy","ITA",1964,0
"Italy","ITA",1965,0
"Italy","ITA",1966,0
"Italy","ITA",1967,0
"Italy","ITA",1968,0
"Italy","ITA",1969,0
"Italy","ITA",1970,0
"Italy","ITA",1971,0
"Italy","ITA",1972,0
"Italy","ITA",1973,0
"Italy","ITA",1974,0
"Italy","ITA",1975,0
"Italy","ITA",1976,0
"Italy","ITA",1977,0
"Italy","ITA",1978,0
"Italy","ITA",1979,0
"Italy","ITA",1980,0
"Italy","ITA",1981,0
"Italy","ITA",1982,0
"Italy","ITA",1983,0
"Italy","ITA",1984,0
"Italy","ITA",1985,0
"Italy","ITA",1986,0
"Italy","ITA",1987,0
"Italy","ITA",1988,0
"Italy","ITA",1989,0
"Italy","ITA",1990,0
"Italy","ITA",1991,0
"Italy","ITA",1992,1
"Italy","ITA",1993,0
"Italy","ITA",1994,0
"Italy","ITA",1995,0
"Italy","ITA",1996,0
"Italy","ITA",1997,0
"Italy","ITA",1998,0
"Italy","ITA",1999,0
"Italy","ITA",2000,0
"Italy","ITA",2001,0
"Italy","ITA",2002,0
"Italy","ITA",2003,0
"Italy","ITA",2004,0
"Italy","ITA",2005,0
"Italy","ITA",2006,0
"Italy","ITA",2007,0
"Italy","ITA",2008,1
"Italy","ITA",2009,0
"Italy","ITA",2010,0
"Italy","ITA",2011,1
"Italy","ITA",2012,0
"Italy","ITA",2013,0
"Italy","ITA",2014,0
"Italy","ITA",2015,0
"Italy","ITA",2016,1
"Italy","ITA",2017,0
"Italy","ITA",2018,0
"Italy","ITA",2019,0
"Italy","ITA",2020,0
"Japan","JPN",1870,0
"Japan","JPN",1871,1
"Japan","JPN",1872,0
"Japan","JPN",1873,0
"Japan","JPN",1874,0
"Japan","JPN",1875,0
"Japan","JPN",1876,0
"Japan","JPN",1877,0
"Japan","JPN",1878,0
"Japan","JPN",1879,0
"Japan","JPN",1880,0
"Japan","JPN",1881,0
"Japan","JPN",1882,1
"Japan","JPN",1883,0
"Japan","JPN",1884,0
"Japan","JPN",1885,0
"Japan","JPN",1886,0
"Japan","JPN",1887,0
"Japan","JPN",1888,0
"Japan","JPN",1889,0
"Japan","JPN",1890,1
"Japan","JPN",1891,0
"Japan","JPN",1892,0
"Japan","JPN",1893,0
"Japan","JPN",1894,0
"Japan","JPN",1895,0
"Japan","JPN",1896,0
"Japan","JPN",1897,0
"Japan","JPN",1898,0
"Japan","JPN",1899,0
"Japan","JPN",1900,0
"Japan","JPN",1901,1
"Japan","JPN",1902,0
"Japan","JPN",1903,0
"Japan","JPN",1904,0
"Japan","JPN",1905,0
"Japan","JPN",1906,0
"Japan","JPN",1907,1
"Japan","JPN",1908,0
"Japan","JPN",1909,0
"Japan","JPN",1910,0
"Japan","JPN",1911,0
"Japan","JPN",1912,0
"Japan","JPN",1913,0
"Japan","JPN",1914,0
"Japan","JPN",1915,0
"Japan","JPN",1916,0
"Japan","JPN",1917,0
"Japan","JPN",1918,0
"Japan","JPN",1919,0
"Japan","JPN",1920,1
"Japan","JPN",1921,0
"Japan","JPN",1922,1
"Japan","JPN",1923,1
"Japan","JPN",1924,0
"Japan","JPN",1925,0
"Japan","JPN",1926,0
"Japan","JPN",1927,1
"Japan","JPN",1928,0
"Japan","JPN",1929,0
"Japan","JPN",1930,0
"Japan","JPN",1931,0
"Japan","JPN",1932,0
"Japan","JPN",1933,0
"Japan","JPN",1934,0
"Japan","JPN",1935,0
"Japan","JPN",1936,0
"Japan","JPN",1937,0
"Japan","JPN",1938,0
"Japan","JPN",1939,0
"Japan","JPN",1940,0
"Japan","JPN",1941,0
"Japan","JPN",1942,0
"Japan","JPN",1943,0
"Japan","JPN",1944,0
"Japan","JPN",1945,0
"Japan","JPN",1946,0
"Japan","JPN",1947,0
"Japan","JPN",1948,0
"Japan","JPN",1949,0
"Japan","JPN",1950,0
"Japan","JPN",1951,0
"Japan","JPN",1952,0
"Japan","JPN",1953,0
"Japan","JPN",1954,0
"Japan","JPN",1955,0
"Japan","JPN",1956,0
"Japan","JPN",1957,0
"Japan","JPN",1958,0
"Japan","JPN",1959,0
"Japan","JPN",1960,0
"Japan","JPN",1961,0
"Japan","JPN",1962,0
"Japan","JPN",1963,0
"Japan","JPN",1964,0
"Japan","JPN",1965,0
"Japan","JPN",1966,0
"Japan","JPN",1967,0
"Japan","JPN",1968,0
"Japan","JPN",1969,0
"Japan","JPN",1970,0
"Japan","JPN",1971,0
"Japan","JPN",1972,0
"Japan","JPN",1973,0
"Japan","JPN",1974,0
"Japan","JPN",1975,0
"Japan","JPN",1976,0
"Japan","JPN",1977,0
"Japan","JPN",1978,0
"Japan","JPN",1979,0
"Japan","JPN",1980,0
"Japan","JPN",1981,0
"Japan","JPN",1982,0
"Japan","JPN",1983,0
"Japan","JPN",1984,0
"Japan","JPN",1985,0
"Japan","JPN",1986,0
"Japan","JPN",1987,0
"Japan","JPN",1988,0
"Japan","JPN",1989,0
"Japan","JPN",1990,1
"Japan","JPN",1991,0
"Japan","JPN",1992,0
"Japan","JPN",1993,0
"Japan","JPN",1994,0
"Japan","JPN",1995,0
"Japan","JPN",1996,0
"Japan","JPN",1997,1
"Japan","JPN",1998,0
"Japan","JPN",1999,0
"Japan","JPN",2000,0
"Japan","JPN",2001,1
"Japan","JPN",2002,0
"Japan","JPN",2003,0
"Japan","JPN",2004,0
"Japan","JPN",2005,0
"Japan","JPN",2006,0
"Japan","JPN",2007,0
"Japan","JPN",2008,0
"Japan","JPN",2009,0
"Japan","JPN",2010,0
"Japan","JPN",2011,0
"Japan","JPN",2012,0
"Japan","JPN",2013,0
"Japan","JPN",2014,0
"Japan","JPN",2015,0
"Japan","JPN",2016,0
"Japan","JPN",2017,0
"Japan","JPN",2018,0
"Japan","JPN",2019,0
"Japan","JPN",2020,0
"Netherlands","NLD",1870,0
"Netherlands","NLD",1871,0
"Netherlands","NLD",1872,0
"Netherlands","NLD",1873,0
"Netherlands","NLD",1874,0
"Netherlands","NLD",1875,0
"Netherlands","NLD",1876,0
"Netherlands","NLD",1877,0
"Netherlands","NLD",1878,0
"Netherlands","NLD",1879,0
"Netherlands","NLD",1880,0
"Netherlands","NLD",1881,0
"Netherlands","NLD",1882,0
"Netherlands","NLD",1883,0
"Netherlands","NLD",1884,0
"Netherlands","NLD",1885,0
"Netherlands","NLD",1886,0
"Netherlands","NLD",1887,0
"Netherlands","NLD",1888,0
"Netherlands","NLD",1889,0
"Netherlands","NLD",1890,0
"Netherlands","NLD",1891,0
"Netherlands","NLD",1892,0
"Netherlands","NLD",1893,0
"Netherlands","NLD",1894,0
"Netherlands","NLD",1895,0
"Netherlands","NLD",1896,0
"Netherlands","NLD",1897,0
"Netherlands","NLD",1898,0
"Netherlands","NLD",1899,0
"Netherlands","NLD",1900,0
"Netherlands","NLD",1901,0
"Netherlands","NLD",1902,0
"Netherlands","NLD",1903,0
"Netherlands","NLD",1904,0
"Netherlands","NLD",1905,0
"Netherlands","NLD",1906,0
"Netherlands","NLD",1907,1
"Netherlands","NLD",1908,0
"Netherlands","NLD",1909,0
"Netherlands","NLD",1910,0
"Netherlands","NLD",1911,0
"Netherlands","NLD",1912,0
"Netherlands","NLD",1913,0
"Netherlands","NLD",1914,1
"Netherlands","NLD",1915,0
"Netherlands","NLD",1916,0
"Netherlands","NLD",1917,0
"Netherlands","NLD",1918,0
"Netherlands","NLD",1919,0
"Netherlands","NLD",1920,0
"Netherlands","NLD",1921,1
"Netherlands","NLD",1922,0
"Netherlands","NLD",1923,0
"Netherlands","NLD",1924,0
"Netherlands","NLD",1925,0
"Netherlands","NLD",1926,0
"Netherlands","NLD",1927,0
"Netherlands","NLD",1928,0
"Netherlands","NLD",1929,0
"Netherlands","NLD",1930,0
"Netherlands","NLD",1931,1
"Netherlands","NLD",1932,0
"Netherlands","NLD",1933,0
"Netherlands","NLD",1934,0
"Netherlands","NLD",1935,0
"Netherlands","NLD",1936,0
"Netherlands","NLD",1937,0
"Netherlands","NLD",1938,0
"Netherlands","NLD",1939,0
"Netherlands","NLD",1940,0
"Netherlands","NLD",1941,0
"Netherlands","NLD",1942,0
"Netherlands","NLD",1943,0
"Netherlands","NLD",1944,0
"Netherlands","NLD",1945,0
"Netherlands","NLD",1946,0
"Netherlands","NLD",1947,0
"Netherlands","NLD",1948,0
"Netherlands","NLD",1949,0
"Netherlands","NLD",1950,0
"Netherlands","NLD",1951,0
"Netherlands","NLD",1952,0
"Netherlands","NLD",1953,0
"Netherlands","NLD",1954,0
"Netherlands","NLD",1955,0
"Netherlands","NLD",1956,0
"Netherlands","NLD",1957,0
"Netherlands","NLD",1958,0
"Netherlands","NLD",1959,0
"Netherlands","NLD",1960,0
"Netherlands","NLD",1961,0
"Netherlands","NLD",1962,0
"Netherlands","NLD",1963,0
"Netherlands","NLD",1964,0
"Netherlands","NLD",1965,0
"Netherlands","NLD",1966,0
"Netherlands","NLD",1967,0
"Netherlands","NLD",1968,0
"Netherlands","NLD",1969,0
"Netherlands","NLD",1970,0
"Netherlands","NLD",1971,0
"Netherlands","NLD",1972,0
"Netherlands","NLD",1973,0
"Netherlands","NLD",1974,0
"Netherlands","NLD",1975,0
"Netherlands","NLD",1976,0
"Netherlands","NLD",1977,0
"Netherlands","NLD",1978,0
"Netherlands","NLD",1979,0
"Netherlands","NLD",1980,0
"Netherlands","NLD",1981,0
"Netherlands","NLD",1982,0
"Netherlands","NLD",1983,0
"Netherlands","NLD",1984,0
"Netherlands","NLD",1985,0
"Netherlands","NLD",1986,0
"Netherlands","NLD",1987,0
"Netherlands","NLD",1988,0
"Netherlands","NLD",1989,0
"Netherlands","NLD",1990,0
"Netherlands","NLD",1991,0
"Netherlands","NLD",1992,0
"Netherlands","NLD",1993,0
"Netherlands","NLD",1994,0
"Netherlands","NLD",1995,0
"Netherlands","NLD",1996,0
"Netherlands","NLD",1997,0
"Netherlands","NLD",1998,0
"Netherlands","NLD",1999,0
"Netherlands","NLD",2000,0
"Netherlands","NLD",2001,0
"Netherlands","NLD",2002,0
"Netherlands","NLD",2003,0
"Netherlands","NLD",2004,0
"Netherlands","NLD",2005,0
"Netherlands","NLD",2006,0
"Netherlands","NLD",2007,0
"Netherlands","NLD",2008,1
"Netherlands","NLD",2009,0
"Netherlands","NLD",2010,0
"Netherlands","NLD",2011,0
"Netherlands","NLD",2012,0
"Netherlands","NLD",2013,0
"Netherlands","NLD",2014,0
"Netherlands","NLD",2015,0
"Netherlands","NLD",2016,0
"Netherlands","NLD",2017,0
"Netherlands","NLD",2018,0
"Netherlands","NLD",2019,0
"Netherlands","NLD",2020,0
"Norway","NOR",1870,0
"Norway","NOR",1871,0
"Norway","NOR",1872,0
"Norway","NOR",1873,0
"Norway","NOR",1874,0
"Norway","NOR",1875,0
"Norway","NOR",1876,0
"Norway","NOR",1877,0
"Norway","NOR",1878,0
"Norway","NOR",1879,0
"Norway","NOR",1880,0
"Norway","NOR",1881,0
"Norway","NOR",1882,0
"Norway","NOR",1883,0
"Norway","NOR",1884,0
"Norway","NOR",1885,0
"Norway","NOR",1886,0
"Norway","NOR",1887,0
"Norway","NOR",1888,0
"Norway","NOR",1889,0
"Norway","NOR",1890,0
"Norway","NOR",1891,0
"Norway","NOR",1892,0
"Norway","NOR",1893,0
"Norway","NOR",1894,0
"Norway","NOR",1895,0
"Norway","NOR",1896,0
"Norway","NOR",1897,0
"Norway","NOR",1898,1
"Norway","NOR",1899,0
"Norway","NOR",1900,0
"Norway","NOR",1901,0
"Norway","NOR",1902,0
"Norway","NOR",1903,0
"Norway","NOR",1904,0
"Norway","NOR",1905,0
"Norway","NOR",1906,0
"Norway","NOR",1907,0
"Norway","NOR",1908,0
"Norway","NOR",1909,0
"Norway","NOR",1910,0
"Norway","NOR",1911,0
"Norway","NOR",1912,0
"Norway","NOR",1913,0
"Norway","NOR",1914,1
"Norway","NOR",1915,0
"Norway","NOR",1916,0
"Norway","NOR",1917,0
"Norway","NOR",1918,0
"Norway","NOR",1919,1
"Norway","NOR",1920,0
"Norway","NOR",1921,0
"Norway","NOR",1922,0
"Norway","NOR",1923,0
"Norway","NOR",1924,0
"Norway","NOR",1925,0
"Norway","NOR",1926,0
"Norway","NOR",1927,0
"Norway","NOR",1928,0
"Norway","NOR",1929,0
"Norway","NOR",1930,0
"Norway","NOR",1931,1
"Norway","NOR",1932,0
"Norway","NOR",1933,0
"Norway","NOR",1934,0
"Norway","NOR",1935,0
"Norway","NOR",1936,0
"Norway","NOR",1937,0
"Norway","NOR",1938,0
"Norway","NOR",1939,0
"Norway","NOR",1940,0
"Norway","NOR",1941,0
"Norway","NOR",1942,0
"Norway","NOR",1943,0
"Norway","NOR",1944,0
"Norway","NOR",1945,0
"Norway","NOR",1946,0
"Norway","NOR",1947,0
"Norway","NOR",1948,0
"Norway","NOR",1949,0
"Norway","NOR",1950,0
"Norway","NOR",1951,0
"Norway","NOR",1952,0
"Norway","NOR",1953,0
"Norway","NOR",1954,0
"Norway","NOR",1955,0
"Norway","NOR",1956,0
"Norway","NOR",1957,0
"Norway","NOR",1958,0
"Norway","NOR",1959,0
"Norway","NOR",1960,0
"Norway","NOR",1961,0
"Norway","NOR",1962,0
"Norway","NOR",1963,0
"Norway","NOR",1964,0
"Norway","NOR",1965,0
"Norway","NOR",1966,0
"Norway","NOR",1967,0
"Norway","NOR",1968,0
"Norway","NOR",1969,0
"Norway","NOR",1970,0
"Norway","NOR",1971,0
"Norway","NOR",1972,0
"Norway","NOR",1973,0
"Norway","NOR",1974,0
"Norway","NOR",1975,0
"Norway","NOR",1976,0
"Norway","NOR",1977,0
"Norway","NOR",1978,0
"Norway","NOR",1979,0
"Norway","NOR",1980,0
"Norway","NOR",1981,0
"Norway","NOR",1982,0
"Norway","NOR",1983,0
"Norway","NOR",1984,0
"Norway","NOR",1985,0
"Norway","NOR",1986,0
"Norway","NOR",1987,1
"Norway","NOR",1988,0
"Norway","NOR",1989,0
"Norway","NOR",1990,0
"Norway","NOR",1991,0
"Norway","NOR",1992,0
"Norway","NOR",1993,0
"Norway","NOR",1994,0
"Norway","NOR",1995,0
"Norway","NOR",1996,0
"Norway","NOR",1997,0
"Norway","NOR",1998,0
"Norway","NOR",1999,0
"Norway","NOR",2000,0
"Norway","NOR",2001,0
"Norway","NOR",2002,0
"Norway","NOR",2003,0
"Norway","NOR",2004,0
"Norway","NOR",2005,0
"Norway","NOR",2006,0
"Norway","NOR",2007,0
"Norway","NOR",2008,1
"Norway","NOR",2009,0
"Norway","NOR",2010,0
"Norway","NOR",2011,0
"Norway","NOR",2012,0
"Norway","NOR",2013,0
"Norway","NOR",2014,0
"Norway","NOR",2015,0
"Norway","NOR",2016,0
"Norway","NOR",2017,0
"Norway","NOR",2018,0
"Norway","NOR",2019,0
"Norway","NOR",2020,0
"Portugal","PRT",1870,0
"Portugal","PRT",1871,0
"Portugal","PRT",1872,0
"Portugal","PRT",1873,0
"Portugal","PRT",1874,0
"Portugal","PRT",1875,0
"Portugal","PRT",1876,1
"Portugal","PRT",1877,0
"Portugal","PRT",1878,0
"Portugal","PRT",1879,0
"Portugal","PRT",1880,0
"Portugal","PRT",1881,0
"Portugal","PRT",1882,0
"Portugal","PRT",1883,0
"Portugal","PRT",1884,0
"Portugal","PRT",1885,0
"Portugal","PRT",1886,0
"Portugal","PRT",1887,0
"Portugal","PRT",1888,0
"Portugal","PRT",1889,0
"Portugal","PRT",1890,1
"Portugal","PRT",1891,0
"Portugal","PRT",1892,0
"Portugal","PRT",1893,0
"Portugal","PRT",1894,0
"Portugal","PRT",1895,0
"Portugal","PRT",1896,0
"Portugal","PRT",1897,0
"Portugal","PRT",1898,0
"Portugal","PRT",1899,0
"Portugal","PRT",1900,0
"Portugal","PRT",1901,0
"Portugal","PRT",1902,0
"Portugal","PRT",1903,0
"Portugal","PRT",1904,0
"Portugal","PRT",1905,0
"Portugal","PRT",1906,0
"Portugal","PRT",1907,0
"Portugal","PRT",1908,0
"Portugal","PRT",1909,0
"Portugal","PRT",1910,0
"Portugal","PRT",1911,0
"Portugal","PRT",1912,0
"Portugal","PRT",1913,0
"Portugal","PRT",1914,0
"Portugal","PRT",1915,0
"Portugal","PRT",1916,0
"Portugal","PRT",1917,0
"Portugal","PRT",1918,0
"Portugal","PRT",1919,0
"Portugal","PRT",1920,0
"Portugal","PRT",1921,1
"Portugal","PRT",1922,0
"Portugal","PRT",1923,1
"Portugal","PRT",1924,0
"Portugal","PRT",1925,0
"Portugal","PRT",1926,0
"Portugal","PRT",1927,0
"Portugal","PRT",1928,0
"Portugal","PRT",1929,0
"Portugal","PRT",1930,0
"Portugal","PRT",1931,1
"Portugal","PRT",1932,0
"Portugal","PRT",1933,0
"Portugal","PRT",1934,0
"Portugal","PRT",1935,0
"Portugal","PRT",1936,0
"Portugal","PRT",1937,0
"Portugal","PRT",1938,0
"Portugal","PRT",1939,0
"Portugal","PRT",1940,0
"Portugal","PRT",1941,0
"Portugal","PRT",1942,0
"Portugal","PRT",1943,0
"Portugal","PRT",1944,0
"Portugal","PRT",1945,0
"Portugal","PRT",1946,0
"Portugal","PRT",1947,0
"Portugal","PRT",1948,0
"Portugal","PRT",1949,0
"Portugal","PRT",1950,0
"Portugal","PRT",1951,0
"Portugal","PRT",1952,0
"Portugal","PRT",1953,0
"Portugal","PRT",1954,0
"Portugal","PRT",1955,0
"Portugal","PRT",1956,0
"Portugal","PRT",1957,0
"Portugal","PRT",1958,0
"Portugal","PRT",1959,0
"Portugal","PRT",1960,0
"Portugal","PRT",1961,0
"Portugal","PRT",1962,0
"Portugal","PRT",1963,0
"Portugal","PRT",1964,0
"Portugal","PRT",1965,0
"Portugal","PRT",1966,0
"Portugal","PRT",1967,0
"Portugal","PRT",1968,0
"Portugal","PRT",1969,0
"Portugal","PRT",1970,0
"Portugal","PRT",1971,0
"Portugal","PRT",1972,0
"Portugal","PRT",1973,0
"Portugal","PRT",1974,0
"Portugal","PRT",1975,0
"Portugal","PRT",1976,0
"Portugal","PRT",1977,0
"Portugal","PRT",1978,0
"Portugal","PRT",1979,0
"Portugal","PRT",1980,0
"Portugal","PRT",1981,0
"Portugal","PRT",1982,0
"Portugal","PRT",1983,0
"Portugal","PRT",1984,0
"Portugal","PRT",1985,0
"Portugal","PRT",1986,0
"Portugal","PRT",1987,0
"Portugal","PRT",1988,0
"Portugal","PRT",1989,0
"Portugal","PRT",1990,0
"Portugal","PRT",1991,0
"Portugal","PRT",1992,0
"Portugal","PRT",1993,0
"Portugal","PRT",1994,0
"Portugal","PRT",1995,0
"Portugal","PRT",1996,0
"Portugal","PRT",1997,0
"Portugal","PRT",1998,0
"Portugal","PRT",1999,0
"Portugal","PRT",2000,0
"Portugal","PRT",2001,0
"Portugal","PRT",2002,0
"Portugal","PRT",2003,0
"Portugal","PRT",2004,0
"Portugal","PRT",2005,0
"Portugal","PRT",2006,0
"Portugal","PRT",2007,0
"Portugal","PRT",2008,1
"Portugal","PRT",2009,0
"Portugal","PRT",2010,0
"Portugal","PRT",2011,1
"Portugal","PRT",2012,0
"Portugal","PRT",2013,0
"Portugal","PRT",2014,1
"Portugal","PRT",2015,0
"Portugal","PRT",2016,0
"Portugal","PRT",2017,0
"Portugal","PRT",2018,0
"Portugal","PRT",2019,0
"Portugal","PRT",2020,0
"Sweden","SWE",1870,0
"Sweden","SWE",1871,0
"Sweden","SWE",1872,0
"Sweden","SWE",1873,0
"Sweden","SWE",1874,0
"Sweden","SWE",1875,0
"Sweden","SWE",1876,0
"Sweden","SWE",1877,0
"Sweden","SWE",1878,1
"Sweden","SWE",1879,0
"Sweden","SWE",1880,0
"Sweden","SWE",1881,0
"Sweden","SWE",1882,0
"Sweden","SWE",1883,0
"Sweden","SWE",1884,0
"Sweden","SWE",1885,0
"Sweden","SWE",1886,0
"Sweden","SWE",1887,0
"Sweden","SWE",1888,0
"Sweden","SWE",1889,0
"Sweden","SWE",1890,0
"Sweden","SWE",1891,0
"Sweden","SWE",1892,0
"Sweden","SWE",1893,0
"Sweden","SWE",1894,0
"Sweden","SWE",1895,0
"Sweden","SWE",1896,0
"Sweden","SWE",1897,0
"Sweden","SWE",1898,0
"Sweden","SWE",1899,0
"Sweden","SWE",1900,0
"Sweden","SWE",1901,0
"Sweden","SWE",1902,0
"Sweden","SWE",1903,0
"Sweden","SWE",1904,0
"Sweden","SWE",1905,0
"Sweden","SWE",1906,0
"Sweden","SWE",1907,1
"Sweden","SWE",1908,0
"Sweden","SWE",1909,0
"Sweden","SWE",1910,0
"Sweden","SWE",1911,0
"Sweden","SWE",1912,0
"Sweden","SWE",1913,0
"Sweden","SWE",1914,0
"Sweden","SWE",1915,0
"Sweden","SWE",1916,0
"Sweden","SWE",1917,0
"Sweden","SWE",1918,0
"Sweden","SWE",1919,1
"Sweden","SWE",1920,0
"Sweden","SWE",1921,0
"Sweden","SWE",1922,0
"Sweden","SWE",1923,0
"Sweden","SWE",1924,0
"Sweden","SWE",1925,0
"Sweden","SWE",1926,0
"Sweden","SWE",1927,0
"Sweden","SWE",1928,0
"Sweden","SWE",1929,0
"Sweden","SWE",1930,0
"Sweden","SWE",1931,0
"Sweden","SWE",1932,0
"Sweden","SWE",1933,0
"Sweden","SWE",1934,0
"Sweden","SWE",1935,0
"Sweden","SWE",1936,0
"Sweden","SWE",1937,0
"Sweden","SWE",1938,0
"Sweden","SWE",1939,0
"Sweden","SWE",1940,0
"Sweden","SWE",1941,0
"Sweden","SWE",1942,0
"Sweden","SWE",1943,0
"Sweden","SWE",1944,0
"Sweden","SWE",1945,0
"Sweden","SWE",1946,0
"Sweden","SWE",1947,0
"Sweden","SWE",1948,0
"Sweden","SWE",1949,0
"Sweden","SWE",1950,0
"Sweden","SWE",1951,0
"Sweden","SWE",1952,0
"Sweden","SWE",1953,0
"Sweden","SWE",1954,0
"Sweden","SWE",1955,0
"Sweden","SWE",1956,0
"Sweden","SWE",1957,0
"Sweden","SWE",1958,0
"Sweden","SWE",1959,0
"Sweden","SWE",1960,0
"Sweden","SWE",1961,0
"Sweden","SWE",1962,0
"Sweden","SWE",1963,0
"Sweden","SWE",1964,0
"Sweden","SWE",1965,0
"Sweden","SWE",1966,0
"Sweden","SWE",1967,0
"Sweden","SWE",1968,0
"Sweden","SWE",1969,0
"Sweden","SWE",1970,0
"Sweden","SWE",1971,0
"Sweden","SWE",1972,0
"Sweden","SWE",1973,0
"Sweden","SWE",1974,0
"Sweden","SWE",1975,0
"Sweden","SWE",1976,0
"Sweden","SWE",1977,0
"Sweden","SWE",1978,0
"Sweden","SWE",1979,0
"Sweden","SWE",1980,0
"Sweden","SWE",1981,0
"Sweden","SWE",1982,0
"Sweden","SWE",1983,0
"Sweden","SWE",1984,0
"Sweden","SWE",1985,0
"Sweden","SWE",1986,0
"Sweden","SWE",1987,0
"Sweden","SWE",1988,0
"Sweden","SWE",1989,0
"Sweden","SWE",1990,0
"Sweden","SWE",1991,1
"Sweden","SWE",1992,0
"Sweden","SWE",1993,0
"Sweden","SWE",1994,0
"Sweden","SWE",1995,0
"Sweden","SWE",1996,0
"Sweden","SWE",1997,0
"Sweden","SWE",1998,0
"Sweden","SWE",1999,0
"Sweden","SWE",2000,0
"Sweden","SWE",2001,0
"Sweden","SWE",2002,0
"Sweden","SWE",2003,0
"Sweden","SWE",2004,0
"Sweden","SWE",2005,0
"Sweden","SWE",2006,0
"Sweden","SWE",2007,0
"Sweden","SWE",2008,1
"Sweden","SWE",2009,0
"Sweden","SWE",2010,0
"Sweden","SWE",2011,0
"Sweden","SWE",2012,0
"Sweden","SWE",2013,0
"Sweden","SWE",2014,0
"Sweden","SWE",2015,0
"Sweden","SWE",2016,0
"Sweden","SWE",2017,0
"Sweden","SWE",2018,0
"Sweden","SWE",2019,0
"Sweden","SWE",2020,0
"USA","USA",1870,0
"USA","USA",1871,0
"USA","USA",1872,0
"USA","USA",1873,1
"USA","USA",1874,0
"USA","USA",1875,0
"USA","USA",1876,0
"USA","USA",1877,0
"USA","USA",1878,0
"USA","USA",1879,0
"USA","USA",1880,0
"USA","USA",1881,0
"USA","USA",1882,0
"USA","USA",1883,0
"USA","USA",1884,1
"USA","USA",1885,0
"USA","USA",1886,0
"USA","USA",1887,0
"USA","USA",1888,0
"USA","USA",1889,0
"USA","USA",1890,1
"USA","USA",1891,0
"USA","USA",1892,0
"USA","USA",1893,1
"USA","USA",1894,0
"USA","USA",1895,0
"USA","USA",1896,0
"USA","USA",1897,0
"USA","USA",1898,0
"USA","USA",1899,0
"USA","USA",1900,0
"USA","USA",1901,0
"USA","USA",1902,0
"USA","USA",1903,0
"USA","USA",1904,0
"USA","USA",1905,0
"USA","USA",1906,0
"USA","USA",1907,1
"USA","USA",1908,0
"USA","USA",1909,0
"USA","USA",1910,0
"USA","USA",1911,0
"USA","USA",1912,0
"USA","USA",1913,0
"USA","USA",1914,0
"USA","USA",1915,0
"USA","USA",1916,0
"USA","USA",1917,0
"USA","USA",1918,0
"USA","USA",1919,0
"USA","USA",1920,0
"USA","USA",1921,0
"USA","USA",1922,0
"USA","USA",1923,0
"USA","USA",1924,0
"USA","USA",1925,0
"USA","USA",1926,0
"USA","USA",1927,0
"USA","USA",1928,0
"USA","USA",1929,0
"USA","USA",1930,1
"USA","USA",1931,0
"USA","USA",1932,0
"USA","USA",1933,0
"USA","USA",1934,0
"USA","USA",1935,0
"USA","USA",1936,0
"USA","USA",1937,0
"USA","USA",1938,0
"USA","USA",1939,0
"USA","USA",1940,0
"USA","USA",1941,0
"USA","USA",1942,0
"USA","USA",1943,0
"USA","USA",1944,0
"USA","USA",1945,0
"USA","USA",1946,0
"USA","USA",1947,0
"USA","USA",1948,0
"USA","USA",1949,0
"USA","USA",1950,0
"USA","USA",1951,0
"USA","USA",1952,0
"USA","USA",1953,0
"USA","USA",1954,0
"USA","USA",1955,0
"USA","USA",1956,0
"USA","USA",1957,0
"USA","USA",1958,0
"USA","USA",1959,0
"USA","USA",1960,0
"USA","USA",1961,0
"USA","USA",1962,0
"USA","USA",1963,0
"USA","USA",1964,0
"USA","USA",1965,0
"USA","USA",1966,0
"USA","USA",1967,0
"USA","USA",1968,0
"USA","USA",1969,0
"USA","USA",1970,0
"USA","USA",1971,0
"USA","USA",1972,0
"USA","USA",1973,0
"USA","USA",1974,0
"USA","USA",1975,0
"USA","USA",1976,0
"USA","USA",1977,0
"USA","USA",1978,0
"USA","USA",1979,0
"USA","USA",1980,0
"USA","USA",1981,0
"USA","USA",1982,0
"USA","USA",1983,0
"USA","USA",1984,1
"USA","USA",1985,0
"USA","USA",1986,0
"USA","USA",1987,0
"USA","USA",1988,0
"USA","USA",1989,0
"USA","USA",1990,1
"USA","USA",1991,0
"USA","USA",1992,0
"USA","USA",1993,0
"USA","USA",1994,0
"USA","USA",1995,0
"USA","USA",1996,0
"USA","USA",1997,0
"USA","USA",1998,0
"USA","USA",1999,0
"USA","USA",2000,0
"USA","USA",2001,0
"USA","USA",2002,0
"USA","USA",2003,0
"USA","USA",2004,0
"USA","USA",2005,0
"USA","USA",2006,0
"USA","USA",2007,1
"USA","USA",2008,0
"USA","USA",2009,0
"USA","USA",2010,0
"USA","USA",2011,0
"USA","USA",2012,0
"USA","USA",2013,0
"USA","USA",2014,0
"USA","USA",2015,0
"USA","USA",2016,0
"USA","USA",2017,0
"USA","USA",2018,0
"USA","USA",2019,0
"USA","USA",2020,0
